{"chnlGrp":[],"hd":{"fFileSignature":"Neuralynx","nOperationMode":3,"lActualEpisodes":1,"nADCNumChannels":20,"adBitVolts":[1.52587890625E-7,1.52587890625E-7,1.52587890625E-7,1.52587890625E-7,1.52587890625E-7,1.52587890625E-7,1.52587890625E-7,1.52587890625E-7,1.52587890625E-7,1.52587890625E-7,1.52587890625E-7,1.52587890625E-7,1.52587890625E-7,1.52587890625E-7,1.52587890625E-7,1.52587890625E-7,1.52587890625E-6,3.0517578125E-8,3.0517578125E-8,3.0517578125E-8],"dspDelay_mks":[0,0,0,0,0,0,0,0,0,0,0,0,0,0,0,0,0,0,0,0],"adBitVoltsSpk":[0,0,0,0,0,0,0,0,0,0,0,0,0,0,0,0,0,0,0,0],"dspDelay_mksSpk":[0,0,0,0,0,0,0,0,0,0,0,0,0,0,0,0,0,0,0,0],"alignmentPt":[0,0,0,0,0,0,0,0,0,0,0,0,0,0,0,0,0,0,0,0],"inverted":[0,0,0,0,0,0,0,0,0,0,0,0,0,0,0,0,0,1,1,0],"recChUnits":["µV","µV","µV","µV","µV","µV","µV","µV","µV","µV","µV","µV","µV","µV","µV","µV","µV","µV","µV","µV"],"recChNames":["CSC1","CSC2","CSC3","CSC4","CSC5","CSC6","CSC7","CSC8","CSC9","CSC10","CSC11","CSC12","CSC13","CSC14","CSC15","CSC16","BRL17","BRL18","PZO19","PZO20"],"recChDurations":[5.04656E+8,5.04656E+8,5.04656E+8,5.04656E+8,5.04656E+8,5.04656E+8,5.04656E+8,5.04656E+8,5.04656E+8,5.04656E+8,5.04656E+8,5.04656E+8,5.04656E+8,5.04656E+8,5.04656E+8,5.04656E+8,5.04656E+8,0,0,0],"ch_si":[31.25,31.25,31.25,31.25,31.25,31.25,31.25,31.25,31.25,31.25,31.25,31.25,31.25,31.25,31.25,31.25,31.25,null,null,null],"dataPtsPerChan":[1.6148992E+7,1.6148992E+7,1.6148992E+7,1.6148992E+7,1.6148992E+7,1.6148992E+7,1.6148992E+7,1.6148992E+7,1.6148992E+7,1.6148992E+7,1.6148992E+7,1.6148992E+7,1.6148992E+7,1.6148992E+7,1.6148992E+7,1.6148992E+7,1.6148992E+7,0,0,0],"DSPLowCutFilterEnabled":[true,true,true,true,true,true,true,true,true,true,true,true,true,true,true,true,true,true,true,false],"DspLowCutFrequency":[0.1,0.1,0.1,0.1,0.1,0.1,0.1,0.1,0.1,0.1,0.1,0.1,0.1,0.1,0.1,0.1,0.1,0.1,0.1,0.1],"DSPHighCutFilterEnabled":[true,true,true,true,true,true,true,true,true,true,true,true,true,true,true,true,true,true,true,true],"DspHighCutFrequency":[8000,8000,8000,8000,8000,8000,8000,8000,8000,8000,8000,8000,8000,8000,8000,8000,8000,8000,8000,8000],"dataPts":2.74532864E+8,"si":31.25,"fADCSampleInterval":31.25,"TTLs":[0,16,0,16,0,16,0,16,0,16,0,16,0,16,0,16,0,16,0,16,0,16,0,16,0,16,0,16,0,16,0,16,0,16,0,16,0,16,0,16,0,16,0,16,0,16,0,16,0,16,0,16,0,16,0,16,0,16,0,16,0,16,0,16,0,16,0,16,0,16,0,16,0,16,0,16,0,16,0,16,0,16,0,16,0,16,0,16,0,16,0,16,0,16,0,16,0,16,0,16,0,16,0,0],"EventStrings":["Starting Recording","TTL Input on AcqSystem1_0 board 0 port 0 value (0x0010).","TTL Input on AcqSystem1_0 board 0 port 0 value (0x0000).","TTL Input on AcqSystem1_0 board 0 port 0 value (0x0010).","TTL Input on AcqSystem1_0 board 0 port 0 value (0x0000).","TTL Input on AcqSystem1_0 board 0 port 0 value (0x0010).","TTL Input on AcqSystem1_0 board 0 port 0 value (0x0000).","TTL Input on AcqSystem1_0 board 0 port 0 value (0x0010).","TTL Input on AcqSystem1_0 board 0 port 0 value (0x0000).","TTL Input on AcqSystem1_0 board 0 port 0 value (0x0010).","TTL Input on AcqSystem1_0 board 0 port 0 value (0x0000).","TTL Input on AcqSystem1_0 board 0 port 0 value (0x0010).","TTL Input on AcqSystem1_0 board 0 port 0 value (0x0000).","TTL Input on AcqSystem1_0 board 0 port 0 value (0x0010).","TTL Input on AcqSystem1_0 board 0 port 0 value (0x0000).","TTL Input on AcqSystem1_0 board 0 port 0 value (0x0010).","TTL Input on AcqSystem1_0 board 0 port 0 value (0x0000).","TTL Input on AcqSystem1_0 board 0 port 0 value (0x0010).","TTL Input on AcqSystem1_0 board 0 port 0 value (0x0000).","TTL Input on AcqSystem1_0 board 0 port 0 value (0x0010).","TTL Input on AcqSystem1_0 board 0 port 0 value (0x0000).","TTL Input on AcqSystem1_0 board 0 port 0 value (0x0010).","TTL Input on AcqSystem1_0 board 0 port 0 value (0x0000).","TTL Input on AcqSystem1_0 board 0 port 0 value (0x0010).","TTL Input on AcqSystem1_0 board 0 port 0 value (0x0000).","TTL Input on AcqSystem1_0 board 0 port 0 value (0x0010).","TTL Input on AcqSystem1_0 board 0 port 0 value (0x0000).","TTL Input on AcqSystem1_0 board 0 port 0 value (0x0010).","TTL Input on AcqSystem1_0 board 0 port 0 value (0x0000).","TTL Input on AcqSystem1_0 board 0 port 0 value (0x0010).","TTL Input on AcqSystem1_0 board 0 port 0 value (0x0000).","TTL Input on AcqSystem1_0 board 0 port 0 value (0x0010).","TTL Input on AcqSystem1_0 board 0 port 0 value (0x0000).","TTL Input on AcqSystem1_0 board 0 port 0 value (0x0010).","TTL Input on AcqSystem1_0 board 0 port 0 value (0x0000).","TTL Input on AcqSystem1_0 board 0 port 0 value (0x0010).","TTL Input on AcqSystem1_0 board 0 port 0 value (0x0000).","TTL Input on AcqSystem1_0 board 0 port 0 value (0x0010).","TTL Input on AcqSystem1_0 board 0 port 0 value (0x0000).","TTL Input on AcqSystem1_0 board 0 port 0 value (0x0010).","TTL Input on AcqSystem1_0 board 0 port 0 value (0x0000).","TTL Input on AcqSystem1_0 board 0 port 0 value (0x0010).","TTL Input on AcqSystem1_0 board 0 port 0 value (0x0000).","TTL Input on AcqSystem1_0 board 0 port 0 value (0x0010).","TTL Input on AcqSystem1_0 board 0 port 0 value (0x0000).","TTL Input on AcqSystem1_0 board 0 port 0 value (0x0010).","TTL Input on AcqSystem1_0 board 0 port 0 value (0x0000).","TTL Input on AcqSystem1_0 board 0 port 0 value (0x0010).","TTL Input on AcqSystem1_0 board 0 port 0 value (0x0000).","TTL Input on AcqSystem1_0 board 0 port 0 value (0x0010).","TTL Input on AcqSystem1_0 board 0 port 0 value (0x0000).","TTL Input on AcqSystem1_0 board 0 port 0 value (0x0010).","TTL Input on AcqSystem1_0 board 0 port 0 value (0x0000).","TTL Input on AcqSystem1_0 board 0 port 0 value (0x0010).","TTL Input on AcqSystem1_0 board 0 port 0 value (0x0000).","TTL Input on AcqSystem1_0 board 0 port 0 value (0x0010).","TTL Input on AcqSystem1_0 board 0 port 0 value (0x0000).","TTL Input on AcqSystem1_0 board 0 port 0 value (0x0010).","TTL Input on AcqSystem1_0 board 0 port 0 value (0x0000).","TTL Input on AcqSystem1_0 board 0 port 0 value (0x0010).","TTL Input on AcqSystem1_0 board 0 port 0 value (0x0000).","TTL Input on AcqSystem1_0 board 0 port 0 value (0x0010).","TTL Input on AcqSystem1_0 board 0 port 0 value (0x0000).","TTL Input on AcqSystem1_0 board 0 port 0 value (0x0010).","TTL Input on AcqSystem1_0 board 0 port 0 value (0x0000).","TTL Input on AcqSystem1_0 board 0 port 0 value (0x0010).","TTL Input on AcqSystem1_0 board 0 port 0 value (0x0000).","TTL Input on AcqSystem1_0 board 0 port 0 value (0x0010).","TTL Input on AcqSystem1_0 board 0 port 0 value (0x0000).","TTL Input on AcqSystem1_0 board 0 port 0 value (0x0010).","TTL Input on AcqSystem1_0 board 0 port 0 value (0x0000).","TTL Input on AcqSystem1_0 board 0 port 0 value (0x0010).","TTL Input on AcqSystem1_0 board 0 port 0 value (0x0000).","TTL Input on AcqSystem1_0 board 0 port 0 value (0x0010).","TTL Input on AcqSystem1_0 board 0 port 0 value (0x0000).","TTL Input on AcqSystem1_0 board 0 port 0 value (0x0010).","TTL Input on AcqSystem1_0 board 0 port 0 value (0x0000).","TTL Input on AcqSystem1_0 board 0 port 0 value (0x0010).","TTL Input on AcqSystem1_0 board 0 port 0 value (0x0000).","TTL Input on AcqSystem1_0 board 0 port 0 value (0x0010).","TTL Input on AcqSystem1_0 board 0 port 0 value (0x0000).","TTL Input on AcqSystem1_0 board 0 port 0 value (0x0010).","TTL Input on AcqSystem1_0 board 0 port 0 value (0x0000).","TTL Input on AcqSystem1_0 board 0 port 0 value (0x0010).","TTL Input on AcqSystem1_0 board 0 port 0 value (0x0000).","TTL Input on AcqSystem1_0 board 0 port 0 value (0x0010).","TTL Input on AcqSystem1_0 board 0 port 0 value (0x0000).","TTL Input on AcqSystem1_0 board 0 port 0 value (0x0010).","TTL Input on AcqSystem1_0 board 0 port 0 value (0x0000).","TTL Input on AcqSystem1_0 board 0 port 0 value (0x0010).","TTL Input on AcqSystem1_0 board 0 port 0 value (0x0000).","TTL Input on AcqSystem1_0 board 0 port 0 value (0x0010).","TTL Input on AcqSystem1_0 board 0 port 0 value (0x0000).","TTL Input on AcqSystem1_0 board 0 port 0 value (0x0010).","TTL Input on AcqSystem1_0 board 0 port 0 value 